Name,Pos,Age,OVR,SPD,ACC,AGI,COD,STR,AWR,Team,Dev,Savings,Penalty
M. Parsons,REDG,27,98,89,94,89,76,91,99,GB,Superstar X,$750K,$105M
X. McKinney,SS,27,92,88,89,87,84,67,94,GB,Superstar X,$1.21M,$21.1M
J. Jacobs,HB,28,91,90,89,85,83,83,91,GB,Superstar,$10.2M,$23.2M
Z. Tom,RT,27,87,74,83,73,59,81,99,GB,Star,$1.85M,$40.8M
J. Love,QB,27,86,85,86,77,71,62,88,GB,Superstar,$0,$109M
T. Kraft,TE,25,85,88,89,82,78,76,83,GB,Star,$3.62M,$19.9M
E. Cooper,WILL,24,80,89,82,80,78,72,81,GB,Star,$0,$3.09M
J. Reed,WR,26,80,94,94,89,91,58,76,GB,Star,$0,$32.1M
J. Hargrave,DT,33,80,74,77,66,53,87,87,GB,Normal,$1.6M,$15.3M
D. Wyatt,DT,28,79,80,87,69,60,86,85,GB,Star,$12.9M,$0
M. Golden,WR,23,78,85,87,82,81,61,82,GB,Star,$0,$14.4M
C. Watson,WR,27,78,96,94,84,85,65,84,GB,Star,$1.42M,$48M
I. McDuffie,SAM,27,78,88,88,76,69,73,78,GB,Normal,$2.4M,$2.57M
K. Nixon,CB,29,78,92,91,80,77,54,84,GB,Normal,$4.3M,$12.1M
G. Glasgow,C,34,77,63,66,62,52,87,85,GB,Normal,$5.22M,$4.61M
D. Dennis-Sutton,LEDG,22,77,84,87,83,72,83,76,GB,Normal,$880K,$1.12M
A. Belton,RG,25,77,64,68,59,55,86,84,GB,Normal,$1.2M,$1.83M
A. Robinson,DT,31,77,71,70,61,55,87,75,GB,Normal,$5.05M,$0
C. Valentine,CB,24,77,92,91,88,85,68,79,GB,Normal,$2.1M,$2.2M
B. St-Juste,CB,28,77,90,90,91,89,60,78,GB,Star,$1.3M,$5.67M
J. Daniels,RG,28,76,65,65,71,57,86,90,GB,Normal,$4.97M,$0
B. Christensen,LT,29,76,73,77,70,54,88,85,GB,Normal,$4.8M,$0
T. Smack,K,23,76,73,80,61,51,43,61,GB,Normal,$880K,$200K
J. Bullard,SS,23,76,89,91,86,89,70,76,GB,Normal,$0,$2.24M
L. Van Ness,LEDG,25,76,86,91,83,73,81,75,GB,Normal,$0,$5.52M
E. Williams,FS,25,76,86,80,81,85,62,76,GB,Normal,$1.07M,$400K
J. Morgan,LT,25,75,71,80,62,56,87,87,GB,Normal,$1.47M,$4.17M
S. Moore,WR,25,74,88,95,86,89,69,69,GB,Normal,$1.21M,$1.28M
D. Whelan,P,27,74,77,78,57,50,57,59,GB,Normal,$1.45M,$1.8M
D. Kinnard,RT,26,73,61,71,49,48,86,72,GB,Normal,$1.31M,$1.44M
J. Burton,RG,24,73,72,74,63,63,86,82,GB,Normal,$880K,$480K
M. Hardman,WR,28,73,93,95,90,84,60,63,GB,Normal,$2.5M,$20K
S. Williams,WR,24,72,90,90,86,84,71,75,GB,Normal,$1.07M,$1.05M
C. Oliver,REDG,23,72,87,91,82,75,77,66,GB,Normal,$880K,$300K
L. Musgrave,TE,25,72,89,90,82,71,75,66,GB,Normal,$1.9M,$790K
B. Sorrell,REDG,23,71,83,85,80,73,82,72,GB,Normal,$1M,$690K
D. Martinez,HB,22,71,90,91,78,74,74,68,GB,Normal,$880K,$0
